train,test,lambda,training_mse,test_mse
2020a.csv,2020b.csv,0.200000,0.000004,0.000006
2020a.csv,2020b.csv,0.110000,0.000001,0.000002
2020a.csv,2020b.csv,0.100000,0.000001,0.000002
2020a.csv,2020b.csv,0.090000,0.000001,0.000001
2020a.csv,2020b.csv,0.090000,0.000001,0.000001
