name,lambda,training_mse,test_mse
2025,0.200000,0.000257,1.659390
2025,0.200000,0.000167,5138.415039
2015->2020,0.200000,0.000167,5138.415039
2015->2020,0.200000,0.000167,5137.095703
2015->2020,0.200000,0.000167,5137.095703
2015->2020,0.200000,0.290275,0.374282
2015->2020,0.200000,0.290275,0.374282
2015->2020,0.000000,0.290203,0.375099
2015->2020,1.000000,0.291335,0.373119
2015->2020,0.500000,0.290572,0.373598
2015->2020,0.090000,0.290219,0.374683
2015->2020,0.110000,0.290226,0.374602
