lambda,training_mse,test_mse
0.190000,0.000003,0.000004
0.190000,0.000003,0.000004
